﻿<?xml version="1.0" encoding="utf-8"?>
<Config>
  <Options>
    <ExtsForSearch />
    <SelExtsForSearch value=".smali|.xml|.html|.htm|.txt" />
    <SkinName />
    <SkinAreo value="False" />
    <SkinEnabled value="False" />
    <Language value="简体中文.xml" />
  </Options>
  <SDK>
    <JavaSDK value="D:\jdk20.0.1" />
    <JVMOptions />
    <AndroidSDK />
  </SDK>
  <ApkSignTool>
    <UseJarsigner value="False" />
    <KeystoreFile />
    <KeystorePassword />
    <KeyAlias />
    <KeyPassword />
  </ApkSignTool>
  <RecentApks />
  <OnlineTranslation>
    <Enabled value="False" />
    <RealTimeEnabled value="False" />
    <TranslateFrom value="en" />
    <TranslateTo value="zh-CH" />
  </OnlineTranslation>
  <SearchAndReplaceLog>
    <SearchLog />
    <ReplaceLog />
  </SearchAndReplaceLog>
  <RegularExpression>
    <Item0>
      <Desc value="All strings" />
      <Content value="&quot;((\&quot;)|[^\r\n\&quot;])+&quot;" />
    </Item0>
    <Item1>
      <Desc value="All strings With Unicode" />
      <Content value="\\u[0-9a-fA-F].+\w" />
    </Item1>
    <Item2>
      <Desc value="All strings Without Unicode" />
      <Content value="&quot;((\&quot;)|[^\r\n&quot;\\\&quot;])+&quot;" />
    </Item2>
    <Item3>
      <Desc value="Chinese Characters" />
      <Content value="[\u4e00-\u9fff]+" />
    </Item3>
    <Item4>
      <Desc value="Double-byte Characters" />
      <Content value="[^\x00-\xff]+" />
    </Item4>
    <Item5>
      <Desc value="Web Address" />
      <Content value="(http|ftp|https):\/\/[\w\-_]+(\.[\w\-_]+)+([\w\-\.,@?^=%&amp;amp;:/~\+#]*[\w\-\@?^=%&amp;amp;/~\+#])?" />
    </Item5>
    <Item6>
      <Desc value="EMail Address" />
      <Content value="\w+([-+.']\w+)*@\w+([-.]\w+)*\.\w+([-.]\w+)*" />
    </Item6>
    <Item7>
      <Desc value="IP Address" />
      <Content value="^(25[0-5]|2[0-4][0-9]|[0-1]{1}[0-9]{2}|[1-9]{1}[0-9]{1}|[1-9])\.(25[0-5]|2[0-4][0-9]|[0-1]{1}[0-9]{2}|[1-9]{1}[0-9]{1}|[1-9]|0)\.(25[0-5]|2[0-4][0-9]|[0-1]{1}[0-9]{2}|[1-9]{1}[0-9]{1}|[1-9]|0)\.(25[0-5]|2[0-4][0-9]|[0-1]{1}[0-9]{2}|[1-9]{1}[0-9]{1}|[0-9])$" />
    </Item7>
  </RegularExpression>
  <OtherOptions>
    <JavaDecompilerUseJad value="False" />
    <ApkToolVersion value="2" />
    <LastDeviceWifiIP />
  </OtherOptions>
</Config>